City_ID,City,Country,Date,Lat,Lng,Max Temp,Humidity,Cloudiness,Wind Speed
0,Atuona,PF,2022-06-10 21:41:42,-9.8,-139.0333,298.44,71,21,6.4
1,Port Alfred,ZA,2022-06-10 21:41:42,-33.5906,26.891,290.33,66,0,4.3
2,Cape Town,ZA,2022-06-10 21:38:08,-33.9258,18.4232,294.21,40,0,2.24
3,Nanortalik,GL,2022-06-10 21:41:43,60.1432,-45.2371,277.47,83,100,4.45
4,Mankono,CI,2022-06-10 21:41:43,8.0586,-6.1897,295.03,95,100,2.24
5,Lebu,CL,2022-06-10 21:41:44,-37.6167,-73.65,282.91,78,7,4.13
6,Hobart,AU,2022-06-10 21:41:44,-42.8794,147.3294,280.07,92,75,4.63
7,Rikitea,PF,2022-06-10 21:37:18,-23.1203,-134.9692,297.51,63,99,7.57
8,Zemio,CF,2022-06-10 21:36:58,5.0314,25.1361,294.56,78,55,0.51
9,Puerto Ayora,EC,2022-06-10 21:40:37,-0.7393,-90.3518,299.13,92,3,2.24
10,Codrington,AU,2022-06-10 21:41:45,-38.2667,141.9667,284.25,70,100,8.2
11,Saint-Philippe,RE,2022-06-10 21:41:46,-21.3585,55.7679,292.92,81,56,4.67
12,Port Shepstone,ZA,2022-06-10 21:41:46,-30.7414,30.455,290.99,84,8,4.63
13,Conde,BR,2022-06-10 21:41:47,-7.2597,-34.9075,296.85,94,75,4.63
14,Ulaangom,MN,2022-06-10 21:41:47,49.9811,92.0667,283.64,37,6,1.11
15,Novosil,RU,2022-06-10 21:41:48,52.9739,37.0405,290.08,90,100,1.84
16,Hermanus,ZA,2022-06-10 21:37:25,-34.4187,19.2345,291.15,40,63,4.77
17,Bluff,NZ,2022-06-10 21:41:48,-46.6,168.3333,277.48,86,100,5.7
18,Chuy,UY,2022-06-10 21:37:50,-33.6971,-53.4616,280.08,62,26,5.65
19,Kodiak,US,2022-06-10 21:41:49,57.79,-152.4072,288.88,51,75,3.6
20,Mataura,NZ,2022-06-10 21:41:50,-46.1927,168.8643,277.3,99,100,1.19
21,Narsaq,GL,2022-06-10 21:41:50,60.9167,-46.05,288.27,59,100,1.57
22,Tucupita,VE,2022-06-10 21:41:51,9.0622,-62.051,299.42,84,55,1.66
23,Bredasdorp,ZA,2022-06-10 21:41:51,-34.5322,20.0403,288.13,43,71,2.44
24,Barrow,US,2022-06-10 21:37:42,71.2906,-156.7887,274.16,86,100,5.14
25,San Quintin,MX,2022-06-10 21:38:53,30.4833,-115.95,295.95,60,1,3.61
26,Hithadhoo,MV,2022-06-10 21:41:52,-0.6,73.0833,302.06,70,52,4.44
27,Lensk,RU,2022-06-10 21:41:53,60.7253,114.9278,287.95,62,38,1.34
28,Maarianhamina,AX,2022-06-10 21:41:53,60.0973,19.9348,287.07,94,0,4.12
29,Grindavik,IS,2022-06-10 21:39:00,63.8424,-22.4338,288.12,71,0,6.69
30,Albany,US,2022-06-10 21:41:53,42.6001,-73.9662,296.73,45,14,4.78
31,Aykhal,RU,2022-06-10 21:41:54,66.0,111.5,280.56,72,78,5.32
32,Mar Del Plata,AR,2022-06-10 21:37:16,-38.0023,-57.5575,280.98,90,100,6.17
33,Ushuaia,AR,2022-06-10 21:41:55,-54.8,-68.3,280.96,57,20,9.26
34,Wattegama,LK,2022-06-10 21:41:55,6.7989,81.4808,297.69,83,99,3.94
35,Emba,KZ,2022-06-10 21:41:56,48.8264,58.1442,286.86,71,3,2.64
36,Bambous Virieux,MU,2022-06-10 21:41:56,-20.3428,57.7575,295.29,88,75,7.72
37,Bassano,CA,2022-06-10 21:41:57,50.7834,-112.4685,298.72,28,11,3.65
38,Constitucion,CL,2022-06-10 21:41:57,-35.3333,-72.4167,285.18,62,0,3.47
39,Wanning,CN,2022-06-10 21:41:58,18.8003,110.3967,300.57,87,98,4.2
40,Busselton,AU,2022-06-10 21:41:58,-33.65,115.3333,290.88,85,97,7.53
41,Zabol,AF,2022-06-10 21:41:59,32.25,67.25,293.1,13,0,0.25
42,Tiksi,RU,2022-06-10 21:41:59,71.6872,128.8694,277.6,76,23,2.75
43,Severo-Kurilsk,RU,2022-06-10 21:42:00,50.6789,156.125,280.1,91,99,4.5
44,Broken Hill,AU,2022-06-10 21:39:06,-31.95,141.4333,281.87,90,41,4.88
45,Mayo,US,2022-06-10 21:42:00,38.8876,-76.5119,301.45,58,75,5.14
46,Avarua,CK,2022-06-10 21:42:01,-21.2078,-159.775,299.18,61,20,8.23
47,Vaini,TO,2022-06-10 21:42:01,-21.2,-175.2,299.24,78,75,2.57
48,Katsuura,JP,2022-06-10 21:43:02,35.1333,140.3,294.33,81,100,2.53
49,Samarai,PG,2022-06-10 21:43:03,-10.6167,150.6667,299.94,78,99,1.54
50,Faya,SA,2022-06-10 21:43:04,18.3851,42.4509,296.21,14,15,2.13
51,Kempten,DE,2022-06-10 21:42:36,47.7267,10.3139,286.74,95,2,1.58
52,Upernavik,GL,2022-06-10 21:43:05,72.7868,-56.1549,272.88,80,16,4.76
53,Dengzhou,CN,2022-06-10 21:43:06,37.8086,120.7508,292.08,87,89,4.22
54,Champerico,GT,2022-06-10 21:43:07,14.3,-91.9167,305.45,72,100,3.33
55,Kulhudhuffushi,MV,2022-06-10 21:43:07,6.6221,73.07,301.09,77,85,5.74
56,Saint George,US,2022-06-10 21:41:02,37.1041,-113.5841,314.61,10,0,7.72
57,Pisco,PE,2022-06-10 21:43:08,-13.7,-76.2167,292.18,77,1,2.06
58,Jalu,LY,2022-06-10 21:43:09,29.0331,21.5482,299.77,44,10,7.79
59,Boyolangu,ID,2022-06-10 21:43:10,-8.1181,111.8935,297.0,91,73,0.37
60,Touros,BR,2022-06-10 21:38:49,-5.1989,-35.4608,297.89,88,10,4.01
61,Gladstone,AU,2022-06-10 21:43:11,-23.85,151.25,282.47,76,60,1.54
62,Saskylakh,RU,2022-06-10 21:43:11,71.9167,114.0833,279.75,65,0,7.98
63,Chokurdakh,RU,2022-06-10 21:43:12,70.6333,147.9167,284.8,45,65,5.66
64,Arraial Do Cabo,BR,2022-06-10 21:43:13,-22.9661,-42.0278,296.13,88,100,6.17
65,Souillac,MU,2022-06-10 21:43:13,-20.5167,57.5167,295.36,88,75,7.72
66,Goundi,TD,2022-06-10 21:43:14,9.3627,17.366,300.45,53,12,1.9
67,Tautira,PF,2022-06-10 21:43:14,-17.7333,-149.15,299.2,74,28,4.26
68,Ambilobe,MG,2022-06-10 21:43:15,-13.2,49.05,293.72,81,6,1.32
69,Port Elizabeth,ZA,2022-06-10 21:43:15,-33.918,25.5701,288.88,56,0,1.03
70,Salalah,OM,2022-06-10 21:41:58,17.0151,54.0924,303.2,84,75,3.6
71,East London,ZA,2022-06-10 21:43:16,-33.0153,27.9116,289.79,56,0,3.74
72,Bara,NG,2022-06-10 21:43:17,10.3744,10.7288,298.67,76,50,6.07
73,Seydi,TM,2022-06-10 21:43:17,39.4816,62.9137,303.95,16,100,6.88
74,Ulladulla,AU,2022-06-10 21:39:44,-35.35,150.4667,280.87,82,3,2.33
75,Khatanga,RU,2022-06-10 21:43:18,71.9667,102.5,278.25,71,93,3.73
76,Luderitz,NA,2022-06-10 21:43:19,-26.6481,15.1594,292.86,29,85,2.08
77,Leningradskiy,RU,2022-06-10 21:43:19,69.3833,178.4167,278.05,55,95,5.2
78,Vardo,NO,2022-06-10 21:43:20,70.3705,31.1107,279.14,70,20,4.12
79,Ilulissat,GL,2022-06-10 21:43:20,69.2167,-51.1,276.16,75,75,1.54
80,Meulaboh,ID,2022-06-10 21:43:21,4.1363,96.1285,296.72,90,62,2.68
81,Sukhumi,GE,2022-06-10 21:43:22,43.0033,41.0153,292.06,85,53,2.22
82,Nogales,MX,2022-06-10 21:43:23,31.3086,-110.9422,312.17,14,75,4.12
83,Butaritari,KI,2022-06-10 21:43:24,3.0707,172.7902,301.26,72,92,6.08
84,Santa Rosa,PH,2022-06-10 21:41:17,14.3122,121.1114,300.99,77,79,1.58
85,Svetlogorsk,BY,2022-06-10 21:43:24,52.6333,29.7333,290.87,80,2,2.18
86,Minas,UY,2022-06-10 21:43:25,-34.3759,-55.2377,276.25,59,6,3.83
87,Dunedin,NZ,2022-06-10 21:43:26,-45.8742,170.5036,278.6,62,44,0.45
88,Yellowknife,CA,2022-06-10 21:43:26,62.456,-114.3525,297.44,35,75,7.72
89,Chapais,CA,2022-06-10 21:43:27,49.7834,-74.8492,294.03,59,100,5.87
90,Dikson,RU,2022-06-10 21:43:28,73.5069,80.5464,275.64,82,93,4.0
91,Petropavlovsk-Kamchatskiy,RU,2022-06-10 21:44:28,53.0452,158.6483,282.48,76,20,1.0
92,Karratha,AU,2022-06-10 21:42:51,-20.7377,116.8463,295.13,84,0,3.75
93,Moron,AR,2022-06-10 21:44:31,-34.6534,-58.6198,283.01,36,0,3.3
94,Svetlaya,RU,2022-06-10 21:44:31,46.5389,138.3297,280.74,95,100,2.1
95,Qaanaaq,GL,2022-06-10 21:44:32,77.484,-69.3632,272.61,85,100,1.8
96,Coahuayana,MX,2022-06-10 21:44:32,18.7333,-103.6833,305.1,55,99,2.96
97,Hilo,US,2022-06-10 21:39:49,19.7297,-155.09,302.19,69,100,4.12
98,Srednekolymsk,RU,2022-06-10 21:44:33,67.45,153.6833,285.87,62,92,3.58
99,Atambua,ID,2022-06-10 21:44:33,-9.1061,124.8925,294.8,84,100,2.93
100,Tuktoyaktuk,CA,2022-06-10 21:44:34,69.4541,-133.0374,278.15,75,75,5.14
101,Los Llanos De Aridane,ES,2022-06-10 21:42:28,28.6585,-17.9182,292.66,91,0,7.2
102,Callaguip,PH,2022-06-10 21:44:13,18.0714,120.4867,298.16,88,75,1.54
103,Dingle,PH,2022-06-10 21:44:35,10.9995,122.6711,298.15,88,69,0.98
104,Fort Nelson,CA,2022-06-10 21:43:05,58.8053,-122.7002,284.92,94,100,2.06
105,Provideniya,RU,2022-06-10 21:44:36,64.3833,-173.3,282.5,36,100,2.51
106,Mount Gambier,AU,2022-06-10 21:44:36,-37.8333,140.7667,283.89,64,100,4.7
107,Bethel,US,2022-06-10 21:44:37,41.3712,-73.414,298.67,43,0,5.14
108,Acapulco,MX,2022-06-10 21:42:42,16.8634,-99.8901,304.05,66,40,5.66
109,Emerald,AU,2022-06-10 21:44:38,-23.5333,148.1667,281.29,67,25,4.35
110,San Patricio,US,2022-06-10 21:44:38,28.017,-97.5169,310.55,48,4,9.43
111,Guayaramerin,BO,2022-06-10 21:44:39,-10.8368,-65.3614,291.94,99,100,3.26
112,Valley Station,US,2022-06-10 21:44:39,38.1112,-85.8702,294.9,85,100,1.54
113,Taguatinga,BR,2022-06-10 21:44:40,-12.3857,-46.5711,298.4,29,5,1.2
114,Vila Franca Do Campo,PT,2022-06-10 21:42:55,37.7167,-25.4333,293.38,92,68,1.75
115,Padang,ID,2022-06-10 21:43:22,-0.9492,100.3543,297.29,91,96,0.92
116,Castro,BR,2022-06-10 21:44:40,-24.7911,-50.0119,285.34,96,99,1.85
117,Olga,RU,2022-06-10 21:44:41,43.7444,135.2892,284.42,85,88,1.2
118,Bani,DO,2022-06-10 21:44:41,18.2833,-70.3333,303.84,71,69,4.85
119,Karatau,KZ,2022-06-10 21:44:42,43.1667,70.4667,295.54,24,20,2.12
120,Thompson,CA,2022-06-10 21:44:42,55.7435,-97.8558,296.24,27,20,4.12
121,Broome,US,2022-06-10 21:44:43,42.2506,-75.833,296.32,48,75,4.63
122,Zhuhai,CN,2022-06-10 21:44:43,22.2769,113.5678,300.03,100,40,4.63
123,Alta Floresta,BR,2022-06-10 21:44:44,-9.8756,-56.0861,297.79,68,99,2.35
124,Retz,AT,2022-06-10 21:44:44,48.7494,15.9624,288.85,90,9,3.16
125,Mayumba,GA,2022-06-10 21:44:45,-3.432,10.6554,296.38,92,11,1.51
126,Kenai,US,2022-06-10 21:44:45,60.5544,-151.2583,292.61,57,20,4.63
127,Coihueco,CL,2022-06-10 21:44:46,-36.6167,-71.8333,287.56,55,0,2.06
128,Seoul,KR,2022-06-10 21:41:26,37.5683,126.9778,290.84,91,40,1.54
129,Nanakuli,US,2022-06-10 21:44:46,21.3906,-158.1547,302.12,50,0,5.66
130,Laguna,US,2022-06-10 21:44:47,38.421,-121.4238,312.67,23,0,5.14
131,Champua,IN,2022-06-10 21:44:47,22.0833,85.6667,302.12,50,79,1.68
132,Nizhniy Kuranakh,RU,2022-06-10 21:44:48,58.8353,125.4869,287.65,79,100,1.11
133,Punta Arenas,CL,2022-06-10 21:44:49,-53.15,-70.9167,282.21,71,40,6.17
134,Dicabisagan,PH,2022-06-10 21:44:49,17.0818,122.4157,299.56,82,98,2.45
135,Shache,CN,2022-06-10 21:44:50,38.4167,77.2406,296.88,23,85,3.74
136,Bawal,IN,2022-06-10 21:44:50,28.0833,76.5833,307.03,18,3,5.64
137,Flinders,AU,2022-06-10 21:45:51,-34.5833,150.8552,284.36,66,2,2.68
138,Geraldton,AU,2022-06-10 21:45:51,-28.7667,114.6,290.38,94,75,3.09
139,Namatanai,PG,2022-06-10 21:45:52,-3.6667,152.4333,300.34,71,5,3.44
140,Beringovskiy,RU,2022-06-10 21:45:52,63.05,179.3167,278.01,62,5,4.36
141,Dongning,CN,2022-06-10 21:45:53,44.0622,131.1207,287.92,92,56,0.6
142,Nantucket,US,2022-06-10 21:41:38,41.2835,-70.0995,296.21,83,0,6.69
143,Tshikapa,CD,2022-06-10 21:45:53,-6.4167,20.8,293.56,44,57,1.01
144,Starkville,US,2022-06-10 21:45:54,33.4504,-88.8184,297.84,90,75,3.09
145,Zhigansk,RU,2022-06-10 21:45:54,66.7697,123.3711,284.56,80,96,5.7
146,Krasnoarmeysk,RU,2022-06-10 21:45:55,51.0239,45.6969,290.24,66,25,4.08
147,Lethem,GY,2022-06-10 21:45:56,3.3803,-59.7968,302.18,79,20,5.14
148,Kerouane,GN,2022-06-10 21:45:56,9.2667,-9.0167,293.84,96,64,1.71
149,Clyde River,CA,2022-06-10 21:45:57,70.4692,-68.5914,274.28,93,100,4.12
150,College,US,2022-06-10 21:45:57,64.8569,-147.8028,287.63,50,100,2.57
151,Teknaf,BD,2022-06-10 21:45:57,20.8624,92.3058,299.42,86,100,4.15
152,Iquitos,PE,2022-06-10 21:45:58,-3.7481,-73.2472,298.17,88,75,1.54
153,Kapaa,US,2022-06-10 21:45:58,22.0752,-159.319,300.99,69,0,5.66
154,Vao,NC,2022-06-10 21:45:59,-22.6667,167.4833,295.7,80,97,7.91
155,Marilia,BR,2022-06-10 21:45:39,-22.2139,-49.9458,289.35,96,94,1.77
156,Puerto Escondido,MX,2022-06-10 21:46:00,15.85,-97.0667,301.33,81,98,4.82
157,Tabas,IR,2022-06-10 21:46:00,33.5959,56.9244,303.32,19,0,2.43
158,Carnarvon,AU,2022-06-10 21:46:01,-24.8667,113.6333,293.89,69,2,3.32
159,Ponta Delgada,PT,2022-06-10 21:46:01,37.7333,-25.6667,293.55,83,75,2.57
160,Plettenberg Bay,ZA,2022-06-10 21:46:02,-34.0527,23.3716,291.2,40,2,3.81
161,Zhanaozen,KZ,2022-06-10 21:46:03,43.3,52.8,293.48,40,50,4.16
162,Smirnykh,RU,2022-06-10 21:46:04,49.75,142.8333,278.52,97,100,1.36
163,Sulangan,PH,2022-06-10 21:46:05,11.1373,123.7228,301.59,74,90,5.01
164,Kremenchuk,UA,2022-06-10 21:46:05,49.0973,33.4197,291.28,64,47,2.81
165,Kamaishi,JP,2022-06-10 21:46:06,39.2667,141.8833,290.18,86,100,0.97
166,Torbay,CA,2022-06-10 21:46:07,47.6666,-52.7314,288.86,94,100,7.72
167,Tigil,RU,2022-06-10 21:44:43,57.8,158.6667,283.24,54,100,4.43
168,Villarrica,PY,2022-06-10 21:46:08,-25.75,-56.4333,285.99,76,100,3.79
169,New Norfolk,AU,2022-06-10 21:46:08,-42.7826,147.0587,279.22,83,98,0.89
170,Camocim,BR,2022-06-10 21:46:09,-2.9022,-40.8411,298.28,87,10,4.13
171,Sao Joao Da Barra,BR,2022-06-10 21:46:10,-21.6403,-41.0511,298.2,83,56,3.63
172,Ostrovnoy,RU,2022-06-10 21:46:11,68.0531,39.5131,278.54,78,22,2.8
173,Severnoye,RU,2022-06-10 21:46:11,56.3491,78.3619,289.21,92,100,5.02
174,Russell,US,2022-06-10 21:45:24,32.3502,-85.1999,304.75,51,0,2.57
175,Cilegon,ID,2022-06-10 21:46:12,-6.0174,106.0538,298.94,84,76,0.79
176,Bogotol,RU,2022-06-10 21:46:13,56.2078,89.5342,283.56,73,26,3.57
177,Sal Rei,CV,2022-06-10 21:46:14,16.1833,-22.9167,295.73,90,3,6.88
178,Jamestown,US,2022-06-10 21:46:14,42.097,-79.2353,293.81,28,0,6.69
179,Nuuk,GL,2022-06-10 21:46:15,64.1835,-51.7216,280.49,70,75,1.03
180,Vanavara,RU,2022-06-10 21:43:13,60.34,102.2797,286.69,66,53,0.65
181,Puerto Rico,AR,2022-06-10 21:47:18,-26.796,-55.024,285.02,81,88,2.32
182,Langenburg,DE,2022-06-10 21:47:18,49.2544,9.8458,289.08,75,20,1.03
183,Torres,BR,2022-06-10 21:47:19,-29.3353,-49.7269,285.83,71,86,8.48
184,Mahebourg,MU,2022-06-10 21:47:19,-20.4081,57.7,295.31,88,75,7.72
185,San Juan Del Sur,NI,2022-06-10 21:47:20,11.2529,-85.8705,302.27,74,20,2.06
186,Norman Wells,CA,2022-06-10 21:47:21,65.282,-126.8329,288.17,55,20,7.2
187,Ornskoldsvik,SE,2022-06-10 21:47:21,63.2909,18.7153,282.7,97,57,1.06
188,Ponta Do Sol,PT,2022-06-10 21:47:22,32.6667,-17.1,297.5,64,0,2.36
189,Esperance,AU,2022-06-10 21:47:23,-33.8667,121.9,286.18,59,94,8.13
190,Pitimbu,BR,2022-06-10 21:47:23,-7.4706,-34.8086,297.48,81,14,2.5
191,Tvoroyri,FO,2022-06-10 21:47:24,61.5556,-6.8111,283.95,91,100,12.88
192,Bereda,ES,2022-06-10 21:47:25,43.2686,-7.5406,285.38,99,6,2.08
193,Lisakovsk,KZ,2022-06-10 21:47:26,52.5369,62.4936,285.3,86,6,3.87
194,Caravelas,BR,2022-06-10 21:47:27,-17.7125,-39.2481,295.22,85,49,2.75
195,Bartica,GY,2022-06-10 21:47:27,6.4,-58.6167,301.33,97,100,1.31
196,Bobo Dioulasso,BF,2022-06-10 21:47:28,11.1771,-4.2979,302.4,70,0,2.57
197,Kahului,US,2022-06-10 21:47:29,20.8947,-156.47,303.16,65,20,8.75
198,Cherskiy,RU,2022-06-10 21:47:29,68.75,161.3,293.59,29,25,5.9
199,Micheweni,TZ,2022-06-10 21:47:31,-4.9667,39.8333,298.22,80,32,5.65
200,Cheyenne,US,2022-06-10 21:45:38,41.14,-104.8203,305.8,16,20,10.29
201,Fortuna,US,2022-06-10 21:47:32,40.5982,-124.1573,299.78,70,40,6.17
202,Cao Bang,VN,2022-06-10 21:46:48,22.6667,106.25,296.76,98,100,0.27
203,Nemuro,JP,2022-06-10 21:46:18,43.3236,145.575,282.7,88,80,4.87
204,Olafsvik,IS,2022-06-10 21:47:34,64.8945,-23.7142,280.47,85,100,10.2
205,Haines Junction,CA,2022-06-10 21:47:35,60.7522,-137.5108,284.07,76,100,3.18
206,Ara,IN,2022-06-10 21:47:35,25.5667,84.6667,301.09,66,49,4.23
207,Saraland,US,2022-06-10 21:47:36,30.8207,-88.0706,303.55,64,96,3.31
208,Canberra,AU,2022-06-10 21:46:23,-35.2835,149.1281,278.21,88,7,4.12
209,Youkounkoun,GN,2022-06-10 21:47:38,12.5333,-13.1333,303.37,56,23,2.68
210,Cabo San Lucas,MX,2022-06-10 21:47:38,22.8909,-109.9124,306.27,63,11,5.91
211,Galveston,US,2022-06-10 21:47:39,29.3669,-94.9669,309.92,68,0,7.72
212,Cayenne,GF,2022-06-10 21:47:39,4.9333,-52.3333,298.2,1,75,2.57
213,Pyapon,MM,2022-06-10 21:47:40,16.2833,95.6833,298.85,91,100,3.59
214,Bonnyville,CA,2022-06-10 21:47:40,54.2668,-110.735,289.77,97,100,3.54
215,Verkhnyaya Inta,RU,2022-06-10 21:45:07,65.9811,60.3094,287.58,63,32,3.51
216,Urucara,BR,2022-06-10 21:47:41,-2.5364,-57.76,297.63,93,92,1.19
217,Oksbol,DK,2022-06-10 21:47:41,55.6268,8.2876,286.43,93,6,4.17
218,Coihaique,CL,2022-06-10 21:47:42,-45.5752,-72.0662,278.49,70,75,3.09
219,Talnakh,RU,2022-06-10 21:47:42,69.4865,88.3972,286.6,52,9,3.52
220,Puerto Ayacucho,VE,2022-06-10 21:47:43,5.6639,-67.6236,300.27,81,77,2.24
221,Ndjole,GA,2022-06-10 21:47:43,-0.1783,10.7649,296.41,98,71,1.85
222,Faanui,PF,2022-06-10 21:47:44,-16.4833,-151.75,299.93,75,12,7.34
223,Abha,SA,2022-06-10 21:47:44,18.2164,42.5053,296.05,14,0,0.0
224,Iranshahr,IR,2022-06-10 21:47:45,27.2025,60.6848,309.34,30,0,2.06
225,Jinzhou,CN,2022-06-10 21:47:46,41.1078,121.1417,290.98,93,74,2.33
226,Kolokani,ML,2022-06-10 21:47:46,13.5728,-8.0339,308.08,18,43,1.62
227,Te Anau,NZ,2022-06-10 21:48:47,-45.4167,167.7167,276.42,86,100,2.19
228,Dinguiraye,GN,2022-06-10 21:48:47,11.3,-10.7167,295.25,83,100,2.23
229,Kemijarvi,FI,2022-06-10 21:48:47,66.7131,27.4306,281.8,67,6,1.47
230,Kaitangata,NZ,2022-06-10 21:48:48,-46.2817,169.8464,276.26,93,40,2.77
231,Snezhnogorsk,RU,2022-06-10 21:48:49,69.1933,33.2531,276.03,80,78,0.76
232,Gudalur,IN,2022-06-10 21:48:49,9.6833,77.2667,296.24,90,100,3.47
233,Ismailia,EG,2022-06-10 21:48:50,30.6043,32.2723,296.97,67,0,2.96
234,Boddam,GB,2022-06-10 21:48:50,57.4667,-1.7833,285.61,81,94,9.27
235,Tilichiki,RU,2022-06-10 21:48:51,60.4667,166.1,284.67,55,98,6.22
236,Stokmarknes,NO,2022-06-10 21:48:51,68.5646,14.9108,282.13,81,1,3.6
237,Fare,PF,2022-06-10 21:48:51,-16.7,-151.0167,299.83,74,2,5.85
238,Asau,RO,2022-06-10 21:48:52,46.4333,26.4,288.86,99,64,2.27
239,Sorong,ID,2022-06-10 21:48:53,-0.8833,131.25,298.83,83,37,1.27
240,Victoria,HK,2022-06-10 21:45:36,22.2855,114.1577,300.18,94,100,2.68
241,Kimbe,PG,2022-06-10 21:48:54,-5.5502,150.1429,299.39,84,13,1.15
242,Mongu,ZM,2022-06-10 21:48:54,-15.2484,23.1274,291.73,45,94,3.83
243,Tuatapere,NZ,2022-06-10 21:48:54,-46.1333,167.6833,275.9,98,97,4.5
244,Sao Filipe,CV,2022-06-10 21:48:55,14.8961,-24.4956,296.96,81,2,4.16
245,Alofi,NU,2022-06-10 21:48:55,-19.0595,-169.9187,299.09,73,95,5.66
246,Biak,ID,2022-06-10 21:48:56,-0.9131,122.8766,297.71,80,83,2.0
247,Ganta,LR,2022-06-10 21:48:57,7.3022,-8.5308,294.64,99,100,0.96
248,Suntar,RU,2022-06-10 21:48:57,62.1444,117.6319,286.59,62,34,2.15
249,Wanaka,NZ,2022-06-10 21:48:58,-44.7,169.15,277.1,84,64,1.79
250,Isangel,VU,2022-06-10 21:48:58,-19.55,169.2667,298.21,94,75,3.09
251,Daru,PG,2022-06-10 21:48:58,-9.0763,143.2092,298.62,88,100,7.45
252,Birao,CF,2022-06-10 21:48:59,10.2849,22.7882,299.84,60,79,1.32
253,Richards Bay,ZA,2022-06-10 21:49:00,-28.783,32.0377,289.77,89,3,2.49
254,Vestmannaeyjar,IS,2022-06-10 21:49:00,63.4427,-20.2734,283.66,86,96,3.15
255,Roma,US,2022-06-10 21:49:01,43.2128,-75.4557,294.72,49,0,6.69
256,Buchanan,LR,2022-06-10 21:49:01,5.8808,-10.0467,298.03,88,98,2.58
257,Airai,TL,2022-06-10 21:49:02,-8.9266,125.4092,286.41,94,75,1.64
258,Vestmanna,FO,2022-06-10 21:49:02,62.1564,-7.1664,283.66,93,100,7.2
259,Vulcan,RO,2022-06-10 21:49:03,45.3833,23.2667,284.76,94,29,1.07
260,Okhotsk,RU,2022-06-10 21:49:03,59.3833,143.3,278.19,94,100,3.29
261,Lompoc,US,2022-06-10 21:49:04,34.6391,-120.4579,309.23,58,0,3.09
262,Sibolga,ID,2022-06-10 21:49:04,1.7427,98.7792,296.77,91,100,1.57
263,Nsanje,MW,2022-06-10 21:49:05,-16.92,35.262,288.18,92,3,0.43
264,Acarau,BR,2022-06-10 21:49:06,-2.8856,-40.12,298.19,88,13,4.93
265,Bath,GB,2022-06-10 21:49:06,51.3779,-2.3591,288.12,79,18,3.09
266,Komsomolskiy,UZ,2022-06-10 21:44:39,40.4272,71.7189,294.55,52,14,3.09
267,Charters Towers,AU,2022-06-10 21:49:07,-20.1,146.2667,282.8,51,3,4.49
268,Mana,GF,2022-06-10 21:49:08,5.6592,-53.7767,298.99,85,89,3.46
269,Coquimbo,CL,2022-06-10 21:49:08,-29.9533,-71.3436,285.0,93,75,4.12
270,Odweyne,SO,2022-06-10 21:49:09,9.4092,45.064,296.75,57,35,6.78
271,Sayyan,YE,2022-06-10 21:49:10,15.1718,44.3244,292.22,29,80,2.99
272,Iqaluit,CA,2022-06-10 21:50:10,63.7506,-68.5145,286.0,50,20,5.66
273,Ancud,CL,2022-06-10 21:50:11,-41.8697,-73.8203,278.95,77,91,2.88
274,Paita,PE,2022-06-10 21:50:12,-5.0892,-81.1144,293.38,76,16,7.81
275,Port Lincoln,AU,2022-06-10 21:50:12,-34.7333,135.8667,285.97,80,86,3.54
276,Cartagena,CO,2022-06-10 21:50:01,10.3997,-75.5144,300.94,89,75,3.09
277,Bathsheba,BB,2022-06-10 21:50:13,13.2167,-59.5167,298.49,94,75,7.2
278,Filingue,NE,2022-06-10 21:50:14,14.3521,3.3168,306.22,31,13,6.11
279,Gairo,IT,2022-06-10 21:50:14,39.8497,9.5047,291.02,57,0,2.93
280,Churapcha,RU,2022-06-10 21:50:15,62.0025,132.4325,288.88,72,28,4.7
281,Lubumbashi,CD,2022-06-10 21:50:16,-11.6609,27.4794,284.63,68,14,2.22
282,Turukhansk,RU,2022-06-10 21:50:16,65.8167,87.9833,287.07,54,3,5.59
283,Hamilton,US,2022-06-10 21:47:46,39.1834,-84.5333,293.84,83,100,3.6
284,Kapoeta,SS,2022-06-10 21:50:18,4.7717,33.5903,297.72,60,69,1.97
285,Ixtapa,MX,2022-06-10 21:50:19,20.7,-105.2,302.16,77,77,2.68
286,Envira,BR,2022-06-10 21:50:19,-7.3,-70.2167,295.5,91,99,0.68
287,Tazovskiy,RU,2022-06-10 21:50:21,67.4667,78.7,287.96,54,100,5.77
288,Bogale,MM,2022-06-10 21:50:22,16.2833,95.4,298.95,91,100,3.71
289,Huixtla,MX,2022-06-10 21:50:22,15.15,-92.4667,300.64,86,100,0.76
290,Benicarlo,ES,2022-06-10 21:50:23,40.4165,0.4271,297.35,79,3,4.09
291,Xiongzhou,CN,2022-06-10 21:50:23,25.1167,114.3,297.08,98,100,1.07
292,Riyadh,SA,2022-06-10 21:50:24,24.6877,46.7219,307.23,15,0,3.13
293,Kailua,US,2022-06-10 21:50:24,21.4022,-157.7394,302.14,66,75,5.66
294,Ushtobe,KZ,2022-06-10 21:50:25,45.2514,77.9838,294.58,51,100,2.83
295,Nikolskoye,RU,2022-06-10 21:50:25,59.7035,30.7861,286.09,84,100,1.35
296,Paamiut,GL,2022-06-10 21:50:26,61.994,-49.6678,277.31,80,100,3.53
297,Vero Beach,US,2022-06-10 21:50:26,27.6386,-80.3973,297.04,100,100,3.6
298,Atar,MR,2022-06-10 21:50:27,20.5169,-13.0499,308.14,16,4,6.33
299,Sidrolandia,BR,2022-06-10 21:50:28,-20.9319,-54.9614,290.78,79,100,5.83
300,Bima,ID,2022-06-10 21:50:28,-8.4667,118.7167,296.99,94,83,1.5
301,Deputatskiy,RU,2022-06-10 21:50:29,69.3,139.9,284.41,55,33,2.74
302,Fukue,JP,2022-06-10 21:50:29,32.6881,128.8419,292.09,92,100,6.16
303,Erzin,TR,2022-06-10 21:50:30,36.9559,36.2,293.77,87,19,1.03
304,Longyearbyen,SJ,2022-06-10 21:50:31,78.2186,15.6401,276.06,81,100,2.06
305,Elmira,US,2022-06-10 21:47:03,42.0898,-76.8077,296.22,44,0,4.63
306,Hervey Bay,AU,2022-06-10 21:50:31,-25.2986,152.8535,281.49,81,77,1.34
307,Kruisfontein,ZA,2022-06-10 21:50:32,-34.0033,24.7314,288.52,39,2,3.91
308,Sola,VU,2022-06-10 21:50:32,-13.8833,167.55,300.52,89,20,0.0
309,Pioner,RU,2022-06-10 21:50:33,55.3166,85.9508,289.84,51,0,3.0
310,Razole,IN,2022-06-10 21:50:33,16.4833,81.8333,300.27,73,99,1.32
311,El Rosario,MX,2022-06-10 21:50:34,24.2556,-107.1828,304.7,48,53,5.46
312,Saldanha,ZA,2022-06-10 21:50:35,-33.0117,17.9442,290.18,47,22,5.05
313,Adrar,MR,2022-06-10 21:50:35,20.5022,-10.0711,307.84,12,36,3.59
314,Nadlac,RO,2022-06-10 21:50:36,46.1667,20.75,292.14,87,46,4.02
315,Ceres,US,2022-06-10 21:51:36,37.5949,-120.9577,314.15,18,0,4.12
316,The Hammocks,US,2022-06-10 21:51:37,25.6715,-80.4445,301.15,79,88,4.89
317,Buraydah,SA,2022-06-10 21:51:37,26.326,43.975,307.4,14,0,4.43
318,Saint-Pierre,RE,2022-06-10 21:51:38,-21.3393,55.4781,293.66,73,40,2.57
319,Kjollefjord,NO,2022-06-10 21:51:38,70.9457,27.3465,279.18,77,80,6.49
320,Trairi,BR,2022-06-10 21:46:50,-3.2778,-39.2689,297.59,89,24,3.71
321,Vicuna,CL,2022-06-10 21:51:39,-30.0319,-70.7081,281.0,19,17,0.55
322,Pevek,RU,2022-06-10 21:51:39,69.7008,170.3133,279.13,63,65,2.02
323,Sept-Iles,CA,2022-06-10 21:51:00,50.2001,-66.3821,286.15,98,75,6.69
324,Tahta,EG,2022-06-10 21:51:40,26.7693,31.5021,306.65,15,0,2.52
325,Palatka,US,2022-06-10 21:51:40,29.6486,-81.6376,303.5,58,96,2.98
326,Goderich,CA,2022-06-10 21:51:41,43.7501,-81.7165,293.33,42,28,1.03
327,Lorengau,PG,2022-06-10 21:51:41,-2.0226,147.2712,301.19,68,13,2.81
328,Beian,NO,2022-06-10 21:51:42,63.6559,9.5683,285.37,87,75,1.54
329,Road Town,VG,2022-06-10 21:50:11,18.4167,-64.6167,302.2,65,20,5.14
330,Guerrero Negro,MX,2022-06-10 21:51:43,27.9769,-114.0611,298.83,55,14,6.02
331,Cap-Aux-Meules,CA,2022-06-10 21:51:02,47.3821,-61.8597,292.18,59,20,7.2
332,Roald,NO,2022-06-10 21:51:44,62.5833,6.1333,288.8,88,75,3.09
333,Sungaipenuh,ID,2022-06-10 21:51:44,-2.0833,101.3833,289.76,95,100,0.72
334,Lata,PT,2022-06-10 21:51:44,40.1629,-8.3327,293.19,89,0,1.01
335,Gravdal,NO,2022-06-10 21:51:45,68.1214,13.5031,281.76,74,2,5.17
336,Teya,RU,2022-06-10 21:51:45,60.3778,92.6267,285.95,66,72,0.97
337,Gamba,GA,2022-06-10 21:51:46,-2.65,10.0,296.19,94,52,1.24
338,Ribeira Grande,PT,2022-06-10 21:51:46,38.5167,-28.7,291.37,94,75,1.54
339,Dzerzhinskoye,RU,2022-06-10 21:51:47,56.8344,95.2283,283.51,70,15,1.79
340,Sault Sainte Marie,CA,2022-06-10 21:48:05,46.5168,-84.3333,294.31,48,0,4.12
341,Kayerkan,RU,2022-06-10 21:51:47,69.3497,87.7602,286.22,40,9,3.13
342,Batticaloa,LK,2022-06-10 21:51:48,7.7102,81.6924,299.27,81,98,1.86
343,Northam,GB,2022-06-10 21:51:48,51.0333,-4.2167,287.25,88,1,6.17
344,Flin Flon,CA,2022-06-10 21:47:10,54.7682,-101.865,294.06,32,100,6.69
345,Kizukuri,JP,2022-06-10 21:51:49,40.8061,140.3861,288.77,90,47,1.23
346,Kidal,ML,2022-06-10 21:48:33,18.4411,1.4078,307.3,9,1,3.22
347,Behshahr,IR,2022-06-10 21:51:50,36.6923,53.5526,293.32,73,0,3.42
348,Jhalida,IN,2022-06-10 21:51:50,23.3667,85.9667,304.13,40,90,3.58
349,Surab,PK,2022-06-10 21:51:51,28.4914,66.2585,296.42,13,0,2.17
350,Pak Phanang,TH,2022-06-10 21:51:51,8.3511,100.202,298.4,84,52,2.21
351,Manokwari,ID,2022-06-10 21:51:52,-0.8667,134.0833,298.72,68,45,1.56
352,Milford,US,2022-06-10 21:51:52,41.2223,-73.0565,299.69,39,20,5.66
353,Baker City,US,2022-06-10 21:49:36,44.7749,-117.8344,292.37,78,75,3.6
354,Ravar,IR,2022-06-10 21:51:53,31.2656,56.8055,302.18,10,0,2.7
355,Bereznik,RU,2022-06-10 21:51:53,62.8551,42.7072,280.23,80,80,3.61
356,Kirensk,RU,2022-06-10 21:51:54,57.7853,108.1119,286.22,64,75,0.21
357,Uyskoye,RU,2022-06-10 21:51:54,54.3775,60.0047,283.48,92,68,2.77
358,Denpasar,ID,2022-06-10 21:51:55,-8.65,115.2167,298.96,94,40,1.54
359,Jizan,SA,2022-06-10 21:51:55,17.3333,42.6667,305.67,57,67,3.72
360,Ahipara,NZ,2022-06-10 21:51:56,-35.1667,173.1667,289.11,87,13,7.47
361,Mohpa,IN,2022-06-10 21:51:56,21.3167,78.8167,302.79,63,100,7.96
362,Westport,US,2022-06-10 21:51:57,41.1415,-73.3579,299.57,41,20,5.66
363,Umm Lajj,SA,2022-06-10 21:52:57,25.0213,37.2685,304.73,35,0,2.77
364,Vicosa,BR,2022-06-10 21:52:58,-20.7539,-42.8819,295.47,66,100,0.9
365,Hobyo,SO,2022-06-10 21:52:58,5.3505,48.5268,299.07,81,82,11.03
366,Hammerfest,NO,2022-06-10 21:52:59,70.6634,23.6821,279.4,75,75,2.57
367,La Plata,AR,2022-06-10 21:49:12,-34.9215,-57.9545,280.95,34,0,4.55
368,Goroka,PG,2022-06-10 21:52:59,-6.0834,145.3873,291.1,90,60,0.76
369,Port Hedland,AU,2022-06-10 21:53:00,-20.3167,118.5667,291.18,63,0,3.6
370,Alice Springs,AU,2022-06-10 21:53:00,-23.7,133.8833,274.9,100,99,0.0
371,Saint-Augustin,CA,2022-06-10 21:53:01,51.226,-58.6502,283.79,97,100,5.2
372,Kuytun,RU,2022-06-10 21:53:01,54.3419,101.5036,283.86,60,14,0.47
373,Hasaki,JP,2022-06-10 21:53:02,35.7333,140.8333,293.37,81,100,2.27
374,Pontianak,ID,2022-06-10 21:53:02,-0.0333,109.3333,298.14,100,100,1.03
375,Mecca,SA,2022-06-10 21:51:18,21.4267,39.8261,306.25,33,0,1.17
376,Ochakiv,UA,2022-06-10 21:53:03,46.6128,31.5498,291.55,85,7,1.53
377,Liberal,US,2022-06-10 21:51:17,37.0431,-100.921,306.23,40,0,2.06
378,Oyama,JP,2022-06-10 21:53:05,36.3,139.8,295.7,89,100,1.45
379,Germersheim,DE,2022-06-10 21:53:05,49.2231,8.3639,290.34,60,56,0.43
380,Kirakira,SB,2022-06-10 21:53:06,-10.4544,161.9205,301.27,77,34,2.8
381,Skoghall,SE,2022-06-10 21:53:06,59.3232,13.4655,287.46,72,100,3.09
382,Vengerovo,RU,2022-06-10 21:53:07,55.6848,76.7471,289.11,95,100,5.73
383,Noumea,NC,2022-06-10 21:52:53,-22.2763,166.4572,295.93,99,87,3.5
384,Sitka,US,2022-06-10 21:53:09,57.0531,-135.33,284.29,87,100,1.92
385,Makakilo City,US,2022-06-10 21:53:10,21.3469,-158.0858,301.24,55,0,5.66
386,Cicuco,CO,2022-06-10 21:53:10,9.2631,-74.6569,302.67,76,92,1.96
387,Santa Maria,BR,2022-06-10 21:50:46,-29.6842,-53.8069,282.76,57,0,2.57
388,Shrewsbury,GB,2022-06-10 21:53:11,52.7101,-2.7521,287.38,75,20,5.14
389,Changzhou,CN,2022-06-10 21:53:12,31.7833,119.9667,294.12,77,80,4.89
390,Posse,BR,2022-06-10 21:53:12,-14.0931,-46.3694,294.4,29,7,1.46
391,The Valley,AI,2022-06-10 21:53:13,18.217,-63.0578,303.07,74,40,5.14
392,Kautokeino,NO,2022-06-10 21:53:14,69.0125,23.0412,280.2,66,6,4.22
393,San Cristobal,VE,2022-06-10 21:53:14,7.7669,-72.225,299.25,57,30,2.66
394,Narasannapeta,IN,2022-06-10 21:53:15,18.4167,84.05,303.28,58,100,2.1
395,Rosenberg,SK,2022-06-10 21:53:16,49.0748,19.3075,289.38,98,81,2.26
396,Jagannathpur,IN,2022-06-10 21:53:16,22.2333,85.65,301.58,51,78,1.87
397,Harper,LR,2022-06-10 21:53:17,4.375,-7.7169,297.87,88,100,3.48
398,Poum,NC,2022-06-10 21:53:18,-20.2333,164.0167,297.53,81,91,8.97
399,Tangshan,CN,2022-06-10 21:49:35,39.6333,118.1833,291.43,87,98,3.79
400,Saint-Georges,GD,2022-06-10 21:53:19,12.0564,-61.7485,302.97,70,20,8.75
401,Nuevitas,CU,2022-06-10 21:53:20,21.5453,-77.2644,301.48,70,32,4.86
402,Bilibino,RU,2022-06-10 21:53:21,68.0546,166.4372,291.46,27,9,4.23
403,Banda Aceh,ID,2022-06-10 21:53:21,5.5577,95.3222,299.23,81,84,4.08
404,Nelson,NZ,2022-06-10 21:53:22,-41.2833,173.2833,282.75,95,92,0.45
405,Treinta Y Tres,UY,2022-06-10 21:53:22,-33.2333,-54.3833,278.35,59,6,4.42
406,Zyryanovsk,KZ,2022-06-10 21:53:23,49.7386,84.2719,287.87,75,3,0.74
407,Ugoofaaru,MV,2022-06-10 21:53:23,5.6667,73.0,300.91,78,68,5.41
408,Sovetskiy,RU,2022-06-10 21:53:24,61.3614,63.5842,283.81,83,48,0.72
409,Marsh Harbour,BS,2022-06-10 21:53:24,26.5412,-77.0636,301.6,66,28,3.6
410,Moroni,KM,2022-06-10 21:54:25,-11.7022,43.2551,297.61,78,14,6.02
411,Karlskoga,SE,2022-06-10 21:54:25,59.3267,14.5239,285.22,87,0,2.43
412,Hambantota,LK,2022-06-10 21:54:26,6.1241,81.1185,299.34,100,75,3.6
413,Sao Luiz Gonzaga,BR,2022-06-10 21:52:20,-28.4083,-54.9608,280.32,75,0,3.24
414,Varvoru,RO,2022-06-10 21:54:26,44.2333,23.6333,291.38,80,99,3.82
415,Saint Anthony,US,2022-06-10 21:54:27,45.0205,-93.218,300.33,34,75,3.6
416,Benguela,AO,2022-06-10 21:54:27,-12.5763,13.4055,295.46,60,0,1.59
417,Charlestown,AU,2022-06-10 21:51:35,-32.95,151.6667,283.77,80,0,2.24
418,Moerai,PF,2022-06-10 21:54:28,-22.4333,-151.3333,296.62,61,100,7.02
419,Cobija,BO,2022-06-10 21:54:28,-11.0267,-68.7692,294.25,94,100,6.17
420,Vadso,NO,2022-06-10 21:54:29,70.0744,29.7487,280.64,70,0,1.54
421,Nome,US,2022-06-10 21:54:29,64.5011,-165.4064,287.68,38,13,6.46
422,Longkou,CN,2022-06-10 21:54:30,37.6508,120.3286,292.59,88,96,4.38
423,Kieta,PG,2022-06-10 21:54:30,-6.2167,155.6333,301.05,73,10,1.48
424,San Jose,US,2022-06-10 21:53:58,37.3394,-121.895,313.09,26,0,7.72
425,Havelock,US,2022-06-10 21:49:51,34.8791,-76.9013,301.12,58,94,2.24
426,Bom Jesus,BR,2022-06-10 21:54:31,-9.0744,-44.3586,300.73,41,63,1.65
427,Lasa,IT,2022-06-10 21:54:32,46.6166,10.7002,288.64,84,4,2.11
428,Aklavik,CA,2022-06-10 21:54:32,68.2191,-135.0107,283.61,53,100,2.4
429,Sadao,TH,2022-06-10 21:54:33,6.6388,100.4234,297.9,98,96,0.79
430,Bumba,CD,2022-06-10 21:54:33,2.1833,22.4667,296.57,76,61,0.42
431,Zhurivka,UA,2022-06-10 21:54:34,50.5028,31.7849,290.3,75,31,1.75
432,Rayagada,IN,2022-06-10 21:54:34,19.1667,83.4167,302.02,55,100,1.98
433,Skvyra,UA,2022-06-10 21:54:34,49.7318,29.6657,289.74,72,93,1.89
434,Atlantic City,US,2022-06-10 21:51:27,39.3643,-74.4229,300.25,42,0,5.14
435,Arrecife,ES,2022-06-10 21:54:35,28.963,-13.5477,295.14,73,75,8.23
436,Dunhua,CN,2022-06-10 21:54:36,43.3725,128.2425,286.02,92,76,1.58
437,Korla,CN,2022-06-10 21:54:36,41.7597,86.1469,299.16,20,80,8.41
438,Cidreira,BR,2022-06-10 21:54:36,-30.1811,-50.2056,284.13,57,40,8.1
439,Namibe,AO,2022-06-10 21:54:37,-15.1961,12.1522,295.06,64,0,2.21
440,Soltsy,RU,2022-06-10 21:54:37,58.1239,30.3238,288.85,82,95,2.72
441,Shimoda,JP,2022-06-10 21:54:38,34.6667,138.95,292.1,84,100,1.99
442,Muzhi,RU,2022-06-10 21:54:38,65.3667,64.6667,286.42,85,44,1.34
443,Port-Gentil,GA,2022-06-10 21:54:39,-0.7193,8.7815,298.13,88,20,3.09
444,Camacha,PT,2022-06-10 21:54:39,33.0833,-16.3333,290.83,82,75,5.66
445,Partanna,IT,2022-06-10 21:54:40,37.7278,12.8885,294.7,89,0,1.34
446,Phirangipuram,IN,2022-06-10 21:54:40,16.3,80.2667,303.7,57,100,1.61
447,Pangnirtung,CA,2022-06-10 21:54:41,66.1451,-65.7125,277.15,81,75,5.14
448,Mackay,AU,2022-06-10 21:54:41,-21.15,149.2,282.97,56,50,5.11
449,Sar-E Pul,AF,2022-06-10 21:54:41,35.8333,66.1667,293.38,24,0,2.87
450,La Ferte-Bernard,FR,2022-06-10 21:54:42,48.1863,0.6536,288.94,86,1,1.14
451,Itarema,BR,2022-06-10 21:54:42,-2.9248,-39.9167,297.95,89,16,4.64
452,Luganville,VU,2022-06-10 21:54:43,-15.5333,167.1667,301.09,77,97,3.32
453,Ashland,US,2022-06-10 21:54:43,40.8167,-82.2665,297.13,43,100,2.82
454,Tasiilaq,GL,2022-06-10 21:54:44,65.6145,-37.6368,275.53,69,32,1.91
455,Tupik,RU,2022-06-10 21:54:44,54.4253,119.9327,288.33,48,11,1.16
456,Teluk Nibung,ID,2022-06-10 21:54:45,3.001,99.8164,297.05,91,100,2.65
457,Boende,CD,2022-06-10 21:54:45,-0.2167,20.8667,296.26,71,10,0.61
458,Burnie,AU,2022-06-10 21:54:46,-41.0667,145.9167,282.55,75,83,10.22
459,Udimskiy,RU,2022-06-10 21:54:46,61.1417,45.9144,282.94,91,29,4.74
460,Zhob,PK,2022-06-10 21:55:47,31.3411,69.4481,299.17,23,0,5.22
461,Chelmsford,GB,2022-06-10 21:55:47,51.7357,0.4696,289.96,73,2,0.45
462,Skjervoy,NO,2022-06-10 21:55:47,70.0311,20.9714,280.15,76,7,2.31
463,Belmonte,BR,2022-06-10 21:55:48,-15.8631,-38.8828,296.48,82,5,3.05
464,Lagoa,PT,2022-06-10 21:53:13,39.05,-27.9833,289.07,91,100,6.05
465,Bafilo,TG,2022-06-10 21:55:49,9.35,1.2667,295.71,95,100,2.09
466,Kondoa,TZ,2022-06-10 21:55:49,-4.9,35.7833,290.62,68,100,2.3
467,Kudahuvadhoo,MV,2022-06-10 21:55:50,2.6708,72.8944,301.31,73,100,4.39
468,Lavrentiya,RU,2022-06-10 21:55:50,65.5833,-171.0,280.75,48,21,5.41
469,Baruun-Urt,MN,2022-06-10 21:55:51,46.6806,113.2792,288.07,69,54,4.86
470,San Buenaventura,MX,2022-06-10 21:55:52,27.0833,-101.5333,311.75,24,0,4.19
471,Ulloa,CO,2022-06-10 21:55:52,4.7044,-75.7403,297.05,83,40,3.6
472,Mehamn,NO,2022-06-10 21:55:52,71.0357,27.8492,279.1,80,64,7.09
473,Half Moon Bay,US,2022-06-10 21:55:53,37.4636,-122.4286,310.6,69,0,11.32
474,Soc Trang,VN,2022-06-10 21:55:53,9.6033,105.98,298.99,89,100,1.97
475,Sao Gabriel Da Cachoeira,BR,2022-06-10 21:55:54,-0.1303,-67.0892,298.02,94,94,0.85
476,Collie,AU,2022-06-10 21:55:54,-33.3667,116.15,287.79,96,100,3.89
477,Labuhan,ID,2022-06-10 21:55:55,-6.8844,112.2051,298.65,88,35,3.37
478,Razlog,BG,2022-06-10 21:55:55,41.8863,23.4671,287.44,97,100,1.89
479,Prince Rupert,CA,2022-06-10 21:55:56,54.3161,-130.3201,285.2,81,100,9.77
480,Kazachinskoye,RU,2022-06-10 21:55:56,57.6953,93.2761,283.94,77,17,2.13
481,Galdar,ES,2022-06-10 21:55:57,28.147,-15.6502,294.43,82,37,6.72
482,Fairbanks,US,2022-06-10 21:54:53,64.8378,-147.7164,287.6,49,75,2.57
483,Saltillo,MX,2022-06-10 21:55:57,25.4167,-101.0,300.16,43,64,4.62
484,Hualmay,PE,2022-06-10 21:55:58,-11.0964,-77.6139,292.12,78,33,4.66
485,San Rafael,AR,2022-06-10 21:55:25,-34.6177,-68.3301,282.9,37,9,4.2
486,Wenzhou,CN,2022-06-10 21:55:58,27.9994,120.6668,293.34,94,100,0.91
487,San Luis,AR,2022-06-10 21:55:59,-33.295,-66.3356,282.46,47,79,3.42
488,Okha,RU,2022-06-10 21:55:59,53.5739,142.9478,280.57,78,43,5.61
489,Weligama,LK,2022-06-10 21:56:00,5.9667,80.4167,298.97,87,56,4.79
490,Lincoln,US,2022-06-10 21:56:00,40.8,-96.667,303.15,70,100,1.34
491,Ewa Beach,US,2022-06-10 21:56:01,21.3156,-158.0072,302.03,56,5,5.81
492,Quatre Cocos,MU,2022-06-10 21:56:01,-20.2078,57.7625,295.21,82,46,5.73
493,Bonthe,SL,2022-06-10 21:56:02,7.5264,-12.505,299.45,84,99,4.56
494,Nelson Bay,AU,2022-06-10 21:56:02,-32.7167,152.15,283.15,82,2,0.89
495,Pinhao,BR,2022-06-10 21:56:03,-25.6956,-51.6597,283.73,79,71,2.36
496,Blagoyevo,RU,2022-06-10 21:56:03,63.3667,47.9167,279.7,85,100,6.16
497,Alassio,IT,2022-06-10 21:56:04,44.0039,8.1671,295.63,55,2,4.02
498,Chivilcoy,AR,2022-06-10 21:56:04,-34.8957,-60.0167,278.66,29,0,3.19
499,Santa Ana,US,2022-06-10 21:56:05,33.7456,-117.8678,312.43,55,45,2.68
500,Aguimes,ES,2022-06-10 21:56:06,27.9054,-15.4461,293.5,73,20,12.35
501,Oranjemund,NA,2022-06-10 21:56:06,-28.55,16.4333,292.34,30,68,2.0
502,Topolcani,MK,2022-06-10 21:56:07,41.2286,21.4314,287.01,97,100,0.73
503,Kulachi,PK,2022-06-10 21:56:07,31.9286,70.4592,307.15,17,1,3.4
504,Inuvik,CA,2022-06-10 21:56:08,68.3499,-133.7218,285.57,52,100,5.14
505,Belaya Gora,RU,2022-06-10 21:56:08,68.5333,146.4167,285.38,63,98,2.34
506,Lodwar,KE,2022-06-10 21:56:09,3.1191,35.5973,302.44,39,92,3.64
507,Georgetown,MY,2022-06-10 21:55:45,5.4112,100.3354,299.11,99,20,1.54
508,Carutapera,BR,2022-06-10 21:57:10,-1.195,-46.02,297.68,92,85,2.67
509,Margate,GB,2022-06-10 21:57:11,51.3813,1.3862,287.76,84,0,1.34
510,Yar-Sale,RU,2022-06-10 21:57:11,66.8333,70.8333,285.25,81,100,3.77
511,Sapucai,PY,2022-06-10 21:57:12,-25.6667,-56.9167,285.68,76,100,3.56
512,Gimli,CA,2022-06-10 21:57:12,50.6336,-96.9907,292.16,55,84,3.6
513,Donskoye,RU,2022-06-10 21:57:13,45.4552,41.9741,292.92,63,77,0.57
514,Port Hueneme,US,2022-06-10 21:57:13,34.1478,-119.1951,313.26,69,0,3.6
515,Belyy Yar,RU,2022-06-10 21:57:14,53.6039,91.3903,283.63,61,0,2.0
516,Grand Gaube,MU,2022-06-10 21:57:14,-20.0064,57.6608,295.37,89,9,0.45
517,Kyabe,TD,2022-06-10 21:57:15,9.4515,18.9449,300.95,54,59,1.38
518,Beyneu,KZ,2022-06-10 21:57:15,45.3167,55.2,295.23,37,10,3.2
519,Nouadhibou,MR,2022-06-10 21:57:15,20.931,-17.0347,293.14,83,2,9.26
520,Taltal,CL,2022-06-10 21:57:16,-25.4,-70.4833,288.82,81,27,2.83
521,Kamenka,RU,2022-06-10 21:57:16,51.3223,42.7678,289.97,83,53,2.27
522,Vieste,IT,2022-06-10 21:56:35,41.8825,16.175,296.06,77,18,8.81
523,Virginia Beach,US,2022-06-10 21:57:17,36.8529,-75.978,299.85,61,84,0.45
524,Petit Goave,HT,2022-06-10 21:57:18,18.4314,-72.8669,302.54,67,99,1.56
525,Brainerd,US,2022-06-10 21:54:26,46.358,-94.2008,299.29,64,92,0.94
526,Lulea,SE,2022-06-10 21:52:51,65.5842,22.1547,283.19,87,0,3.6
527,Sur,OM,2022-06-10 21:57:19,22.5667,59.5289,305.85,51,0,6.51
528,Kemin,KG,2022-06-10 21:57:19,42.7846,75.6892,290.91,54,80,2.76
529,Qarchi Gak,AF,2022-06-10 21:57:20,37.04,66.7889,301.99,23,2,1.01
530,Thinadhoo,MV,2022-06-10 21:57:20,0.5333,72.9333,301.47,72,87,3.91
531,Naze,JP,2022-06-10 21:57:21,28.3667,129.4833,295.66,91,100,10.44
532,Husavik,IS,2022-06-10 21:57:21,66.0449,-17.3389,278.98,96,100,3.8
533,Trebnje,SI,2022-06-10 21:57:22,45.9042,15.0217,289.61,87,4,0.9
534,Vaitape,PF,2022-06-10 21:57:22,-16.5167,-151.75,299.93,75,12,7.35
535,Lagos,NG,2022-06-10 21:57:23,6.5833,3.75,300.33,85,92,2.42
536,Male,MV,2022-06-10 21:57:23,4.1748,73.5089,300.86,77,54,4.8
537,Nara,JP,2022-06-10 21:57:24,34.6851,135.8049,295.65,66,100,1.42
538,Tecolutla,MX,2022-06-10 21:57:24,20.4833,-97.0167,303.47,64,68,6.08
539,Hvolsvollur,IS,2022-06-10 21:57:25,63.7533,-20.2243,284.8,72,55,0.3
540,Kandrian,PG,2022-06-10 21:57:25,-6.2167,149.55,299.55,80,9,0.94
541,Guarapari,BR,2022-06-10 21:57:25,-20.6667,-40.4975,298.09,77,26,3.77
542,Nouakchott,MR,2022-06-10 21:57:26,18.0858,-15.9785,296.11,82,99,5.38
543,Chabahar,IR,2022-06-10 21:57:26,25.2919,60.643,301.24,88,2,6.2
544,Chibuto,MZ,2022-06-10 21:57:27,-24.6867,33.5306,288.03,86,5,1.8
545,Jumla,NP,2022-06-10 21:57:27,29.2747,82.1838,287.2,83,77,0.14
546,Vysoke Myto,CZ,2022-06-10 21:57:28,49.9532,16.1617,289.21,83,25,0.57
547,Pauini,BR,2022-06-10 21:57:28,-7.7136,-66.9764,295.82,97,100,2.57
548,Santiago,CL,2022-06-10 21:54:57,-33.4569,-70.6483,297.84,26,0,1.54
549,Kukushtan,RU,2022-06-10 21:57:29,57.6464,56.4952,286.94,90,95,2.26
550,Cayhagan,PH,2022-06-10 21:57:30,9.6697,122.4256,299.06,82,70,1.08
551,Vila Velha,BR,2022-06-10 21:57:30,-20.3297,-40.2925,298.12,76,0,5.14
552,Tateyama,JP,2022-06-10 21:57:30,34.9833,139.8667,294.87,81,100,2.5
553,Gaya,IN,2022-06-10 21:58:31,24.7833,85.0,305.1,62,20,2.06
554,Borba,BR,2022-06-10 21:58:31,-4.3878,-59.5939,300.03,75,95,0.89
555,Moree,AU,2022-06-10 21:58:32,-29.4667,149.85,281.64,66,57,2.6
556,Sarakhs,IR,2022-06-10 21:58:32,36.5449,61.1577,299.24,40,80,5.6
557,Bulgan,MN,2022-06-10 21:58:33,48.8125,103.5347,278.26,90,90,3.34
558,Salina Cruz,MX,2022-06-10 21:55:07,16.1667,-95.2,304.35,61,100,2.8
559,Pimentel,PE,2022-06-10 21:58:34,-6.8367,-79.9342,294.31,64,0,9.26
560,Aquiraz,BR,2022-06-10 21:58:34,-3.9014,-38.3911,300.2,85,31,3.01
561,Nkhata Bay,MW,2022-06-10 21:58:35,-11.6066,34.2907,292.8,80,32,2.67
562,Tabuk,PH,2022-06-10 21:58:35,17.4189,121.4443,296.5,90,100,1.41
563,Kampong Chhnang,KH,2022-06-10 21:58:35,12.1667,104.55,298.42,88,100,1.59
